{"stats":{"minecraft:dropped":{"minecraft:string":1},"minecraft:custom":{"minecraft:jump":9,"minecraft:walk_one_cm":207,"minecraft:time_since_rest":4055,"minecraft:sprint_one_cm":996,"minecraft:damage_dealt":260,"minecraft:leave_game":2,"minecraft:play_time":4055,"minecraft:time_since_death":4055,"minecraft:sneak_time":44,"minecraft:total_world_time":4205,"minecraft:mob_kills":10,"minecraft:drop":1,"minecraft:fly_one_cm":46819},"minecraft:used":{"minecraft:netherite_sword":1,"minecraft:bow":20},"minecraft:killed":{"minecraft:horse":1,"minecraft:sheep":4,"minecraft:spider":1,"minecraft:villager":2,"minecraft:cow":2},"minecraft:picked_up":{"minecraft:string":1}},"DataVersion":3700}