{"stats":{"minecraft:picked_up":{"minecraft:beef":2,"minecraft:mutton":3,"minecraft:white_wool":2},"minecraft:dropped":{"minecraft:beef":2},"minecraft:used":{"minecraft:white_wool":2,"minecraft:bow":15},"minecraft:killed":{"minecraft:sheep":4,"minecraft:iron_golem":1,"minecraft:creeper":1,"minecraft:chicken":3,"minecraft:cow":2},"minecraft:custom":{"minecraft:jump":15,"minecraft:time_since_rest":55034,"minecraft:damage_dealt":560,"minecraft:sprint_one_cm":1439,"minecraft:leave_game":2,"minecraft:play_time":55034,"minecraft:time_since_death":55034,"minecraft:walk_one_cm":2979,"minecraft:sneak_time":40,"minecraft:total_world_time":55059,"minecraft:mob_kills":11,"minecraft:drop":2,"minecraft:fly_one_cm":23976}},"DataVersion":3700}