{"stats":{"minecraft:picked_up":{"minecraft:brown_wool":1,"minecraft:mutton":1},"minecraft:dropped":{"minecraft:mutton":1,"minecraft:brown_wool":1},"minecraft:used":{"minecraft:netherite_sword":7,"minecraft:pig_spawn_egg":3,"minecraft:vindicator_spawn_egg":1,"minecraft:warden_spawn_egg":1},"minecraft:killed":{"minecraft:sheep":1},"minecraft:custom":{"minecraft:jump":8,"minecraft:time_since_rest":7056,"minecraft:damage_dealt":260,"minecraft:crouch_one_cm":20,"minecraft:leave_game":5,"minecraft:play_time":7056,"minecraft:sprint_one_cm":854,"minecraft:time_since_death":7056,"minecraft:walk_one_cm":3063,"minecraft:sneak_time":44,"minecraft:total_world_time":10303,"minecraft:mob_kills":3,"minecraft:drop":2,"minecraft:fly_one_cm":5909}},"DataVersion":3700}