{"stats":{"minecraft:custom":{"minecraft:jump":7,"minecraft:time_since_rest":3816,"minecraft:damage_dealt":230,"minecraft:leave_game":3,"minecraft:crouch_one_cm":55,"minecraft:play_time":3816,"minecraft:sprint_one_cm":899,"minecraft:time_since_death":3816,"minecraft:walk_one_cm":3552,"minecraft:sneak_time":112,"minecraft:total_world_time":8617,"minecraft:mob_kills":2,"minecraft:fly_one_cm":11274},"minecraft:killed":{"minecraft:sheep":1,"minecraft:vindicator":1},"minecraft:picked_up":{"minecraft:emerald":1,"minecraft:light_gray_wool":1},"minecraft:used":{"minecraft:netherite_sword":7,"minecraft:sheep_spawn_egg":1,"minecraft:vindicator_spawn_egg":10,"minecraft:witch_spawn_egg":2,"minecraft:warden_spawn_egg":2}},"DataVersion":3700}