{"stats":{"minecraft:killed":{"minecraft:pig":4,"minecraft:sheep":2,"minecraft:chicken":1},"minecraft:custom":{"minecraft:jump":26,"minecraft:time_since_rest":3116,"minecraft:damage_dealt":600,"minecraft:crouch_one_cm":64,"minecraft:leave_game":3,"minecraft:play_time":3116,"minecraft:sprint_one_cm":3473,"minecraft:damage_taken":144,"minecraft:time_since_death":3116,"minecraft:walk_one_cm":3472,"minecraft:sneak_time":58,"minecraft:total_world_time":5197,"minecraft:mob_kills":7,"minecraft:fall_one_cm":1253,"minecraft:fly_one_cm":36940},"minecraft:picked_up":{"minecraft:porkchop":4,"minecraft:mutton":1,"minecraft:white_wool":1,"minecraft:dirt":48},"minecraft:mined":{"minecraft:tall_grass":1},"minecraft:used":{"minecraft:white_wool":1}},"DataVersion":3700}