{"stats":{"minecraft:custom":{"minecraft:jump":28,"minecraft:time_since_rest":20218,"minecraft:damage_dealt":410,"minecraft:leave_game":2,"minecraft:play_time":20218,"minecraft:sprint_one_cm":6551,"minecraft:time_since_death":20218,"minecraft:walk_one_cm":2349,"minecraft:sneak_time":11,"minecraft:total_world_time":20225,"minecraft:mob_kills":3,"minecraft:fly_one_cm":19055},"minecraft:killed":{"minecraft:sheep":1,"minecraft:cow":2},"minecraft:picked_up":{"minecraft:beef":1,"minecraft:mutton":2}},"DataVersion":3700}