{"stats":{"minecraft:custom":{"minecraft:jump":16,"minecraft:time_since_rest":2254,"minecraft:damage_dealt":360,"minecraft:leave_game":1,"minecraft:sprint_one_cm":1858,"minecraft:play_time":2254,"minecraft:time_since_death":2254,"minecraft:walk_one_cm":1192,"minecraft:total_world_time":81181,"minecraft:mob_kills":3,"minecraft:drop":1,"minecraft:fly_one_cm":1612},"minecraft:killed":{"minecraft:sheep":2,"minecraft:creeper":1},"minecraft:dropped":{"minecraft:mutton":6},"minecraft:picked_up":{"minecraft:mutton":1,"minecraft:white_wool":1},"minecraft:used":{"minecraft:white_wool":6}},"DataVersion":3700}